{
  "project_info": {
    "project_number": "1032039702898",
    "firebase_url": "https://a2kalyan-aaca3-default-rtdb.firebaseio.com",
    "project_id": "a2kalyan-aaca3",
    "storage_bucket": "a2kalyan-aaca3.appspot.com"
  },
  "client": [
    {
      "client_info": {
        "mobilesdk_app_id": "1:1032039702898:android:1ce2abe2fb9372bb243deb",
        "android_client_info": {
          "package_name": "com.nexusinc.atwokalyan"
        }
      },
      "oauth_client": [
        {
          "client_id": "1032039702898-bjh3soa6n9dk84h9te8l2fs89mps9jeu.apps.googleusercontent.com",
          "client_type": 1,
          "android_info": {
            "package_name": "com.nexusinc.atwokalyan",
            "certificate_hash": "b475955250c342657915a62a26e1835068053aa7"
          }
        },
        {
          "client_id": "1032039702898-fn5h26sqfkp27e81i3i51oaabasmbgnn.apps.googleusercontent.com",
          "client_type": 3
        }
      ],
      "api_key": [
        {
          "current_key": "AIzaSyCSl3DquQsDu-c4Rmlf25lGVCAYprqBogQ"
        }
      ],
      "services": {
        "appinvite_service": {
          "other_platform_oauth_client": [
            {
              "client_id": "1032039702898-fn5h26sqfkp27e81i3i51oaabasmbgnn.apps.googleusercontent.com",
              "client_type": 3
            }
          ]
        }
      }
    }
  ],
  "configuration_version": "1"
}